{
  "best_expert_id": "HERC_CDaR5_L60",
  "val_sharpe": 3.9085379882283675,
  "val_metrics": {
    "ann_return": 0.1627378391887786,
    "sharpe": 3.9085379882283675,
    "max_drawdown": -0.015300163826319269,
    "avg_turnover": 0.132758273016554,
    "n_steps": 52
  }
}